{
  "current-scene": "6962d389-b02c-41bc-937c-43c2f47d6fbc",
  "camera-infos": {
    "6962d389-b02c-41bc-937c-43c2f47d6fbc": {
      "position": {
        "x": 9965162.730248345,
        "y": 17821711.46660444,
        "z": 29441295.868761826
      },
      "rotation": {
        "w": -0.03434703450707315,
        "x": 0.0029475925702433024,
        "y": -0.9963673469500858,
        "z": -0.07764175239375781
      },
      "viewCenter": {
        "x": 8684789.087603427,
        "y": 14904117.625993961,
        "z": 48001813.489338875
      }
    }
  },
  "camera-uuids": [
    "6962d389-b02c-41bc-937c-43c2f47d6fbc"
  ],
  "gizmos-infos": {
    "iconGizmoSize": 2,
    "isGridVisible": true,
    "isIconGizmo3D": false
  }
}
